Title,ArtistName,Rank,Weeks,isNew
shape of you,ed sheeran,1,10,0
that's what i like,bruno mars,2,9,0
bad and boujee,migos featuring lil uzi vert,3,18,0
i don't wanna live forever (fifty shades darker),zayn / taylor swift,4,14,0
i feel it coming,the weeknd featuring daft punk,5,17,0
tunnel vision,kodak black,6,4,0
love on the brain,rihanna,7,22,0
something just like this,the chainsmokers & coldplay,8,4,0
paris,the chainsmokers,9,9,0
ispy,kyle featuring lil yachty,10,12,0
bounce back,big sean,11,19,0
rockabye,clean bandit featuring sean paul & anne-marie,12,15,0
closer,the chainsmokers featuring halsey,13,33,0
no frauds,nicki minaj  drake & lil wayne,14,1,1
chained to the rhythm,katy perry featuring skip marley,15,5,0
cold,maroon 5 featuring future,16,5,0
it ain't me,kygo x selena gomez,17,5,0
body like a back road,sam hunt,18,7,0
mask off,future,19,4,0
mercy,shawn mendes,20,26,0
say you won't let go,james arthur,21,21,0
24k magic,bruno mars,22,23,0
down,marian hill,23,9,0
issues,julia michaels,24,8,0
scars to your beautiful,alessia cara,25,29,0
t-shirt,migos,26,9,0
stay,zedd & alessia cara,27,3,0
can't stop the feeling!,justin timberlake,28,45,0
bad things,machine gun kelly x camila cabello,29,20,0
starboy,the weeknd featuring daft punk,30,26,0
fake love,drake,31,21,0
congratulations,post malone featuring quavo,32,12,0
swang,rae sremmurd,33,13,0
rolex,ayo & teo,34,5,0
location,khalid,35,10,0
don't wanna know,maroon 5 featuring kendrick lamar,36,23,0
dirt on my boots,jon pardi,37,15,0
million reasons,lady gaga,38,17,0
green light,lorde,39,3,0
black beatles,rae sremmurd featuring gucci mane,40,27,0
let me love you,dj snake featuring justin bieber,41,32,0
believer,imagine dragons,42,6,0
water under the bridge,adele,43,19,0
party,chris brown featuring usher & gucci mane,44,13,0
heathens,twenty one pilots,45,39,0
how far i'll go,auli'i cravalho,46,14,0
make me (cry),noah cyrus featuring labrinth,47,14,0
slide,calvin harris featuring frank ocean & migos,48,3,0
caroline,amine,49,28,0
goosebumps,travis scott,50,19,0
both,gucci mane featuring drake,51,13,0
castle on the hill,ed sheeran,52,10,0
despacito,luis fonsi & daddy yankee featuring justin bieber,53,9,0
think a little less,michael ray,54,12,0
everyday,ariana grande featuring future,55,5,0
redbone,childish gambino,56,15,0
deja vu,j. cole,57,14,0
play that song,train,58,16,0
selfish,future featuring rihanna,59,3,0
perfect,ed sheeran,60,2,0
regret in your tears,nicki minaj,61,1,1
better man,little big town,62,20,0
galway girl,ed sheeran,63,2,0
fast,luke bryan,64,8,0
look at me!,xxxtentacion,65,6,0
hurricane,luke combs,66,5,0
shining,dj khaled featuring beyonce & jay z,67,5,0
in case you didn't know,brett young,68,6,0
heavy,linkin park featuring kiiara,69,4,0
any ol' barstool,jason aldean,70,8,0
changed it,nicki minaj & lil wayne,71,1,1
chanel,frank ocean,72,1,1
moves,big sean,73,12,0
draco,future,74,4,0
call on me,starley,75,11,0
how far i'll go,alessia cara,76,15,0
party monster,the weeknd,77,17,0
liability,lorde,78,1,1
losin control,russ,79,3,0
road less traveled,lauren alaina,80,8,0
hometown girl,josh turner,81,3,0
i got you,bebe rexha,82,11,0
kill a word,eric church featuring rhiannon giddens,83,14,0
the weekend,brantley gilbert,84,11,0
dive,ed sheeran,85,2,0
sober saturday night,chris young featuring vince gill,86,11,0
the fighter,keith urban featuring carrie underwood,87,6,0
black,dierks bentley,88,7,0
today,brad paisley,89,11,0
selfish,pnb rock,90,19,0
yeah boy,kelsea ballerini,91,5,0
you're welcome,dwayne johnson,92,9,0
good drank,2 chainz x gucci mane x quavo,93,2,0
happier,ed sheeran,94,2,0
prblms,6lack,95,1,1
comin out strong,future featuring the weeknd,96,3,0
chantaje,shakira featuring maluma,97,18,0
el amante,nicky jam,98,5,0
slippery,migos featuring gucci mane,99,6,0
scared to be lonely,martin garrix & dua lipa,100,3,0
see you again,wiz khalifa featuring charlie puth,1,14,0
bad blood,taylor swift featuring kendrick lamar,2,7,0
trap queen,fetty wap,3,21,0
shut up and dance,walk the moon,4,31,0
want to want me,jason derulo,5,14,0
uptown funk!,mark ronson featuring bruno mars,6,31,0
cheerleader,omi,7,8,0
earned it (fifty shades of grey),the weeknd,8,25,0
hey mama,david guetta featuring nicki minaj  bebe rexha & afrojack,9,12,0
honey  i'm good.,andy grammer,10,16,0
watch me,silento,11,16,0
sugar,maroon 5,12,22,0
you know you like it,dj snake & alunageorge,13,12,0
talking body,tove lo,14,20,0
worth it,fifth harmony featuring kid ink,15,17,0
where are u now,skrillex & diplo with justin bieber,16,15,0
post to be,omarion featuring chris brown & jhene aiko,17,23,0
nasty freestyle,t-wayne,18,9,0
fight song,rachel platten,19,9,0
lean on,major lazer & dj snake featuring mo,20,10,0
thinking out loud,ed sheeran,21,36,0
love me like you do,ellie goulding,22,23,0
the hills,the weeknd,23,3,0
can't feel my face,the weeknd,24,1,1
this summer's gonna hurt...,maroon 5,25,5,0
b**** better have my money,rihanna,26,12,0
flex (ooh ooh ooh),rich homie quan,27,8,0
girl crush,little big town,28,17,0
slow motion,trey songz,29,18,0
dear future husband,meghan trainor,30,22,0
somebody,natalie la rose featuring jeremih,31,21,0
elastic heart,sia,32,23,0
take your time,sam hunt,33,24,0
style,taylor swift,34,27,0
the night is still young,nicki minaj,35,6,0
budapest,george ezra,36,20,0
kick the dust up,luke bryan,37,4,0
g.d.f.r.,flo rida featuring sage the gemini & lookas,38,31,0
shake it off,taylor swift,39,43,0
sangria,blake shelton,40,9,0
photograph,ed sheeran,41,5,0
blank space,taylor swift,42,33,0
bright,echosmith,43,13,0
be real,kid ink featuring dej loaf,44,9,0
love me like you mean it,kelsea ballerini,45,11,0
blessings,big sean featuring drake,46,19,0
fun,pitbull featuring chris brown,47,5,0
little toy guns,carrie underwood,48,13,0
sippin' on fire,florida georgia line,49,14,0
time of our lives,pitbull & ne-yo,50,27,0
uma thurman,fall out boy,51,10,0
one last time,ariana grande,52,18,0
like a wrecking ball,eric church,53,12,0
chains,nick jonas,54,20,0
commas,future,55,11,0
tonight looks good on you,jason aldean,56,8,0
wild child,kenny chesney with grace potter,57,13,0
love you like that,canaan smith,58,12,0
i really like you,carly rae jepsen,59,15,0
classic man,jidenna featuring roman gianarthur,60,6,0
crash and burn,thomas rhett,61,5,0
baby be my love song,easton corbin,62,10,0
smoke,a thousand horses,63,16,0
diamond rings and old barstools,tim mcgraw with catherine dunn,64,13,0
house party,sam hunt,65,2,0
don't it,billy currington,66,15,0
buy me a boat,chris janson,67,3,0
wet dreamz,j. cole,68,10,0
one hell of an amen,brantley gilbert,69,7,0
pretty girls,britney spears & iggy azalea,70,6,0
loving you easy,zac brown band,71,3,0
the matrimony,wale featuring usher,72,11,0
i need your love,shaggy featuring mohombi  faydee  costi,73,6,0
how many times,dj khaled featuring chris brown  lil wayne & big sean,74,5,0
lay me down,sam smith,75,19,0
flashlight,jessie j,76,4,0
crushin' it,brad paisley,77,7,0
planez,jeremih featuring j. cole,78,3,0
stitches,shawn mendes,79,3,0
know yourself,drake,80,17,0
kiss you in the morning,michael ray,81,3,0
3500,travi$ scott featuring future & 2 chainz,82,1,1
energy,drake,83,18,0
el perdon (forgiveness),nicky jam & enrique iglesias,84,12,0
young & crazy,frankie ballard,85,3,0
john cougar  john deere  john 3:16,keith urban,86,1,1
renegades,x ambassadors,87,9,0
nasty,bandit gang marco featuring dro,88,8,0
hell of a night,dustin lynch,89,2,0
hood go crazy,tech n9ne featuring 2 chainz & b.o.b,90,2,0
believe,mumford & sons,91,14,0
back it up,prince royce featuring jennifer lopez & pitbull,92,1,1
all day,kanye west featuring theophilus london  allan kingdom & paul mccartney,93,15,0
this could be us,rae sremmurd,94,1,1
i want you to know,zedd featuring selena gomez,95,16,0
i don't get tired (#idgt),kevin gates featuring august alsina,96,8,0
lose my mind,brett eldredge,97,1,1
l$d,a$ap rocky,98,3,0
everyday,a$ap rocky featuring rod stewart x miguel x mark ronson,99,2,0
tear in my heart,twenty one pilots,100,2,0
moves like jagger,maroon 5 featuring christina aguilera,1,10,0
party rock anthem,lmfao featuring lauren bennett & goonrock,2,23,0
pumped up kicks,foster the people,3,18,0
lighters,bad meets evil featuring bruno mars,4,11,0
last friday night (t.g.i.f.),katy perry,5,14,0
super bass,nicki minaj,6,18,0
how to love,lil wayne,7,14,0
good life,onerepublic,8,22,0
give me everything,pitbull featuring ne-yo  afrojack & nayer,9,22,0
stereo hearts,gym class heroes featuring adam levine,10,11,0
cheers (drink to that),rihanna,11,5,0
i wanna go,britney spears,12,12,0
tonight tonight,hot chelle rae,13,20,0
rolling in the deep,adele,14,34,0
if i die young,the band perry,15,40,0
you and i,lady gaga,16,4,0
she will,lil wayne featuring drake,17,2,0
you make me feel...,cobra starship featuring sabi,18,7,0
someone like you,adele,19,8,0
i'm on one,dj khaled featuring drake  rick ross & lil wayne,20,15,0
the edge of glory,lady gaga,21,16,0
remind me,brad paisley duet with carrie underwood,22,12,0
motivation,kelly rowland featuring lil wayne,23,20,0
barefoot blue jean night,jake owen,24,18,0
otis,jay z kanye west featuring otis redding,25,6,0
best thing i never had,beyonce,26,13,0
just a kiss,lady antebellum,27,17,0
headlines,drake,28,3,0
dirt road anthem,jason aldean,29,21,0
knee deep,zac brown band featuring jimmy buffett,30,16,0
take a back road,rodney atkins,31,13,0
god gave me you,blake shelton,32,7,0
you and tequila,kenny chesney featuring grace potter,33,14,0
country girl (shake it for me),luke bryan,34,19,0
just can't get enough,the black eyed peas,35,28,0
rain over me,pitbull featuring marc anthony,36,9,0
in the dark,dev,37,4,0
mr. saxobeat,alexandra stan,38,7,0
every teardrop is a waterfall,coldplay,39,13,0
where them girls at,david guetta featuring flo rida & nicki minaj,40,17,0
marvins room,drake,41,6,0
e.t.,katy perry featuring kanye west,42,29,0
crazy girl,eli young band,43,24,0
on the floor,jennifer lopez featuring pitbull,44,27,0
take over control,afrojack featuring eva simons,45,11,0
marvin & chardonnay,big sean featuring kanye west & roscoe dash,46,6,0
she ain't you,chris brown,47,20,0
made in america,toby keith,48,12,0
am i the only one,dierks bentley,49,17,0
the lazy song,bruno mars,50,27,0
the adventures of rain dance maggie,red hot chili peppers,51,6,0
pretty girls,iyaz featuring travie mccoy,52,8,0
nothing,the script,53,3,0
long hot summer,keith urban,54,7,0
hell on heels,pistol annies,55,1,1
out of my head,lupe fiasco featuring trey songz,56,14,0
keep your head up,andy grammer,57,13,0
love done gone,billy currington,58,11,0
better with the lights off,new boyz featuring chris brown,59,9,0
skyscraper,demi lovato,60,7,0
love you like a love song,selena gomez & the scene,61,10,0
quickie,miguel,62,6,0
i love you this big,scotty mccreery,63,14,0
easy,rascal flatts featuring natasha bedingfield,64,5,0
just fishin',trace adkins,65,13,0
gucci gucci,kreayshawn,66,5,0
sparks fly,taylor swift,67,5,0
country must be country wide,brantley gilbert,68,9,0
baggage claim,miranda lambert,69,3,0
here for a good time,george strait,70,9,0
frick park market,mac miller,71,2,0
i'm into you,jennifer lopez featuring lil wayne,72,15,0
it girl,jason derulo,73,3,0
faster,matt nathanson,74,5,0
save me  san francisco,train,75,10,0
not over you,gavin degraw,76,3,0
i'm gonna love you through it,martina mcbride,77,1,1
ni**as in paris,jay z kanye west,78,3,0
no sleep,wiz khalifa,79,9,0
one more drinkin' song,jerrod niemann,80,5,0
night of your life,david guetta featuring jennifer hudson,81,1,1
brighter than the sun,colbie caillat,82,2,0
fish,craig campbell,83,5,0
sail,awolnation,84,2,0
walk,foo fighters,85,8,0
we owned the night,lady antebellum,86,2,0
don't wanna go home,jason derulo,87,15,0
i got you,thompson square,88,2,0
never gonna leave this bed,maroon 5,89,18,0
love don't run,steve holy,90,1,1
what the water gave me,florence + the machine,91,1,1
set fire to the rain,adele,92,4,0
far away,tyga featuring chris richardson,93,3,0
booty wurk (one cheek at a time),t-pain featuring joey galaxy,94,7,0
man down,rihanna,95,14,0
cost of livin',ronnie dunn,96,1,1
arms,christina perri,97,2,0
that way,wale featuring jeremih & rick ross,98,1,1
till i'm gone,tinie tempah featuring wiz khalifa,99,4,0
martians vs goblins,game featuring lil wayne & tyler  the creator,100,1,1
7 rings,ariana grande,1,8,0
sunflower (spider-man: into the spider-verse),post malone & swae lee,2,21,0
without me,halsey,3,23,0
please me,cardi b & bruno mars,4,4,0
wow.,post malone,5,12,0
sucker,jonas brothers,6,2,0
happier,marshmello & bastille,7,30,0
middle child,j. cole,8,8,0
shallow,lady gaga & bradley cooper,9,24,0
sicko mode,travis scott,10,32,0
thotiana,blueface,11,9,0
high hopes,panic! at the disco,12,32,0
eastside,benny blanco  halsey & khalid,13,35,0
going bad,meek mill featuring drake,14,15,0
break up with your girlfriend  i'm bored,ariana grande,15,5,0
thank u  next,ariana grande,16,19,0
murder on my mind,ynw melly,17,8,0
dancing with a stranger,sam smith & normani,18,9,0
better,khalid,19,26,0
girls like you,maroon 5 featuring cardi b,20,42,0
a lot,21 savage,21,12,0
sweet but psycho,ava max,22,13,0
money,cardi b,23,21,0
drip too hard,lil baby & gunna,24,26,0
be alright,dean lewis,25,20,0
beautiful crazy,luke combs,26,18,0
robbery,juice wrld,27,4,0
mia,bad bunny featuring drake,28,22,0
zeze,kodak black featuring travis scott & offset,29,22,0
better now,post malone,30,46,0
close to me,ellie goulding x diplo featuring swae lee,31,17,0
you say,lauren daigle,32,35,0
youngblood,5 seconds of summer,33,41,0
tequila,dan + shay,34,45,0
baby shark,pinkfong,35,11,0
look back at it,a boogie wit da hoodie,36,14,0
lucid dreams,juice wrld,37,44,0
hear me calling,juice wrld,38,2,0
taki taki,dj snake featuring selena gomez  ozuna & cardi b,39,24,0
pure water,mustard & migos,40,7,0
empty,juice wrld,41,1,1
talk,khalid,42,5,0
envy me,calboy,43,13,0
i like it,cardi b  bad bunny & j balvin,44,49,0
bury a friend,billie eilish,45,7,0
mixed personalities,ynw melly featuring kanye west,46,8,0
fast,juice wrld,47,1,1
wake up in the sky,gucci mane x bruno mars x kodak black,48,26,0
swervin,a boogie wit da hoodie featuring 6ix9ine,49,12,0
twerk,city girls featuring cardi b,50,10,0
old town road,lil nas x featuring billy ray cyrus,51,2,0
girls need love,summer walker x drake,52,3,0
millionaire,chris stapleton,53,14,0
con calma,daddy yankee & katy perry featuring snow,54,6,0
this is it,scotty mccreery,55,14,0
put a date on it,yo gotti featuring lil baby,56,7,0
i,lil skies,57,2,0
take it from me,jordan davis,58,11,0
wish you were gay,billie eilish,59,2,0
here tonight,brett young,60,10,0
girl,maren morris,61,2,0
worth it,yk osiris,62,4,0
act up,city girls,63,2,0
who do you love,the chainsmokers featuring 5 seconds of summer,64,5,0
maze,juice wrld,65,1,1
close friends,lil baby,66,20,0
undecided,chris brown,67,10,0
girl like you,jason aldean,68,16,0
eyes on you,chase rice,69,4,0
bad liar,imagine dragons,70,3,0
shot clock,ella mai,71,7,0
pure cocaine,lil baby,72,12,0
good as you,kane brown,73,3,0
there was this girl,riley green,74,3,0
here with me,marshmello featuring chvrches,75,1,1
down to the honkytonk,jake owen,76,11,0
my bad,khalid,77,1,1
saturday nights,khalid & kane brown,78,6,0
make it sweet,old dominion,79,11,0
whiskey glasses,morgan wallen,80,2,0
ella quiere beber,anuel aa & romeo santos,81,19,0
look what god gave her,thomas rhett,82,2,0
miss me more,kelsea ballerini,83,6,0
one that got away,michael ray,84,3,0
undrunk,fletcher,85,1,1
night shift,jon pardi,86,4,0
calling my spirit,kodak black,87,15,0
rumor,lee brice,88,1,1
secreto,anuel aa & karol g,89,6,0
what makes you country,luke bryan,90,11,0
flaws and sins,juice wrld,91,1,1
calma,pedro capo x farruko,92,1,1
lovely,billie eilish & khalid,93,19,0
when the party's over,billie eilish,94,20,0
nights like this,kehlani featuring ty dolla $ign,95,9,0
i've been waiting,lil peep & ilovemakonnen featuring fall out boy,96,1,1
i can't get enough,benny blanco  tainy  selena gomez & j balvin,97,2,0
talk you out of it,florida georgia line,98,4,0
faucet failure,ski mask the slump god,99,3,0
always remember us this way,lady gaga,100,9,0
all about that bass,meghan trainor,1,13,0
shake it off,taylor swift,2,7,0
black widow,iggy azalea featuring rita ora,3,14,0
bang bang,jessie j  ariana grande & nicki minaj,4,10,0
anaconda,nicki minaj,5,9,0
habits (stay high),tove lo,6,19,0
don't tell 'em,jeremih featuring yg,7,15,0
animals,maroon 5,8,7,0
stay with me,sam smith,9,26,0
break free,ariana grande featuring zedd,10,14,0
rather be,clean bandit featuring jess glynne,11,17,0
hot boy,bobby shmurda,12,10,0
steal my girl,one direction,13,1,1
rude,magic!,14,24,0
chandelier,sia,15,22,0
boom clap,charli xcx,16,18,0
don't,ed sheeran,17,17,0
maps,maroon 5,18,16,0
cool kids,echosmith,19,13,0
burnin' it down,jason aldean,20,11,0
bailando,enrique iglesias featuring descemer bueno & gente de zona,21,23,0
am i wrong,nico & vinz,22,25,0
trumpets,jason derulo,23,19,0
something in the water,carrie underwood,24,1,1
a sky full of stars,coldplay,25,23,0
lifestyle,rich gang featuring young thug & rich homie quan,26,12,0
all of me,john legend,27,52,0
dirt,florida georgia line,28,13,0
new flame,chris brown featuring usher & rick ross,29,12,0
fancy,iggy azalea featuring charli xcx,30,31,0
fireball,pitbull featuring john ryan,31,9,0
blame,calvin harris featuring john newman,32,4,0
happy,pharrell williams,33,40,0
2 on,tinashe featuring schoolboy q,34,22,0
problem,ariana grande featuring iggy azalea,35,23,0
this is how we do,katy perry,36,10,0
amnesia,5 seconds of summer,37,14,0
0 to 100 / the catch up,drake,38,11,0
waves,mr. probz,39,7,0
jealous,nick jonas,40,4,0
latch,disclosure featuring sam smith,41,29,0
no flex zone,rae sremmurd,42,10,0
neon light,blake shelton,43,7,0
leave the night on,sam hunt,44,15,0
no mediocre,t.i. featuring iggy azalea,45,16,0
roller coaster,luke bryan,46,12,0
dark horse,katy perry featuring juicy j,47,55,0
i,kendrick lamar,48,2,0
american kids,kenny chesney,49,16,0
counting stars,onerepublic,50,68,0
shower,becky g,51,18,0
i'm not the only one,sam smith,52,5,0
riptide,vance joy,53,15,0
centuries,fall out boy,54,4,0
ready set roll,chase rice,55,19,0
no type,rae sremmurd,56,2,0
stolen dance,milky chance,57,11,0
studio,schoolboy q featuring bj the chicago kid,58,18,0
about the money,t.i. featuring young thug,59,9,0
somethin' bad,miranda lambert duet with carrie underwood,60,20,0
just gettin' started,jason aldean,61,1,1
take me to church,hozier,62,8,0
bartender,lady antebellum,63,20,0
hope you get lonely tonight,cole swindell,64,16,0
girl in a country song,maddie & tae,65,9,0
touchin  lovin,trey songz featuring nicki minaj,66,5,0
sunshine & whiskey,frankie ballard,67,13,0
somewhere in my car,keith urban,68,6,0
bumpin' the night,florida georgia line,69,1,1
hold you down,dj khaled featuring chris brown  august alsina  future & jeremih,70,5,0
booty,jennifer lopez featuring iggy azalea or pitbull,71,3,0
small town throwdown,brantley gilbert featuring justin moore & thomas rhett,72,17,0
day drinking,little big town,73,11,0
yellow flicker beat,lorde,74,1,1
v. 3005,childish gambino,75,18,0
secrets,mary lambert,76,5,0
superheroes,the script,77,3,0
i don't f**k with you,big sean featuring e-40,78,2,0
tuesday,i love makonnen featuring drake,79,2,0
hideaway,kiesza,80,12,0
believe me,lil wayne featuring drake,81,19,0
try,colbie caillat,82,7,0
fight night,migos,83,13,0
bo$$,fifth harmony,84,13,0
***flawless,beyonce featuring nicki minaj or chimamanda ngozi adichie,85,6,0
handsome and wealthy,migos,86,2,0
no love,august alsina,87,3,0
look at you,big & rich,88,5,0
heroes (we could be),alesso featuring tove lo,89,1,1
24 hours,teeflii featuring 2 chainz,90,6,0
later on,the swon brothers,91,8,0
hookah,tyga featuring young thug,92,8,0
really don't care,demi lovato featuring cher lloyd,93,18,0
u guessed it,og maco featuring 2 chainz,94,1,1
you and your friends,wiz khalifa featuring snoop dogg & ty dolla $ign,95,3,0
close your eyes,parmalee,96,2,0
shotgun rider,tim mcgraw,97,1,1
walk thru,rich homie quan featuring problem,98,7,0
feelin' it,scotty mccreery,99,2,0
meanwhile back at mama's,tim mcgraw featuring faith hill,100,19,0
blank space,taylor swift,1,3,0
all about that bass,meghan trainor,2,19,0
shake it off,taylor swift,3,13,0
animals,maroon 5,4,13,0
habits (stay high),tove lo,5,25,0
take me to church,hozier,6,14,0
hot boy,bobby shmurda,7,16,0
bang bang,jessie j  ariana grande & nicki minaj,8,16,0
i'm not the only one,sam smith,9,11,0
jealous,nick jonas,10,10,0
don't,ed sheeran,11,23,0
tuesday,i love makonnen featuring drake,12,8,0
love me harder,ariana grande & the weeknd,13,6,0
i don't f**k with you,big sean featuring e-40,14,8,0
don't tell 'em,jeremih featuring yg,15,21,0
black widow,iggy azalea featuring rita ora,16,20,0
no type,rae sremmurd,17,8,0
trumpets,jason derulo,18,25,0
waves,mr. probz,19,13,0
stay with me,sam smith,20,32,0
blame,calvin harris featuring john newman,21,10,0
lifestyle,rich gang featuring young thug & rich homie quan,22,18,0
rather be,clean bandit featuring jess glynne,23,23,0
cool kids,echosmith,24,19,0
chandelier,sia,25,28,0
the heart wants what it wants,selena gomez,26,2,0
only,nicki minaj featuring drake  lil wayne & chris brown,27,3,0
rude,magic!,28,30,0
centuries,fall out boy,29,10,0
new flame,chris brown featuring usher & rick ross,30,18,0
break free,ariana grande featuring zedd,31,20,0
riptide,vance joy,32,21,0
steal my girl,one direction,33,7,0
anaconda,nicki minaj,34,15,0
something in the water,carrie underwood,35,7,0
all of me,john legend,36,58,0
happy,pharrell williams,37,46,0
lips are movin,meghan trainor,38,4,0
hold you down,dj khaled featuring chris brown  august alsina  future & jeremih,39,11,0
am i wrong,nico & vinz,40,31,0
l.a.love (la la),fergie,41,6,0
maps,maroon 5,42,22,0
touchin  lovin,trey songz featuring nicki minaj,43,11,0
bailando,enrique iglesias featuring descemer bueno & gente de zona,44,29,0
fancy,iggy azalea featuring charli xcx,45,37,0
try me,dej loaf,46,4,0
boom clap,charli xcx,47,24,0
leave the night on,sam hunt,48,21,0
beg for it,iggy azalea featuring m0,49,4,0
stolen dance,milky chance,50,17,0
about the money,t.i. featuring young thug,51,15,0
somewhere in my car,keith urban,52,12,0
0 to 100 / the catch up,drake,53,17,0
shotgun rider,tim mcgraw,54,7,0
day drinking,little big town,55,17,0
girl in a country song,maddie & tae,56,15,0
neon light,blake shelton,57,13,0
no flex zone,rae sremmurd,58,16,0
i,kendrick lamar,59,8,0
sunshine & whiskey,frankie ballard,60,19,0
heroes (we could be),alesso featuring tove lo,61,7,0
thinking out loud,ed sheeran,62,6,0
burnin' it down,jason aldean,63,17,0
fireball,pitbull featuring john ryan,64,15,0
uptown funk!,mark ronson featuring bruno mars,65,1,1
try,colbie caillat,66,13,0
dirt,florida georgia line,67,19,0
perfect storm,brad paisley,68,6,0
no love,august alsina,69,9,0
talladega,eric church,70,4,0
dangerous,david guetta featuring sam martin,71,4,0
amnesia,5 seconds of summer,72,20,0
look at you,big & rich,73,11,0
in your arms,nico & vinz,74,5,0
sun daze,florida georgia line,75,4,0
baby don't lie,gwen stefani,76,4,0
close your eyes,parmalee,77,8,0
body language,kid ink featuring usher & tinashe,78,6,0
this is how we do,katy perry,79,16,0
drinking class,lee brice,80,5,0
roller coaster,luke bryan,81,18,0
yellow flicker beat,lorde,82,2,0
til it's gone,kenny chesney,83,3,0
feelin' it,scotty mccreery,84,8,0
god made girls,raelynn,85,4,0
often,the weeknd,86,5,0
18,one direction,87,1,1
where do broken hearts go,one direction,88,1,1
outside,calvin harris featuring ellie goulding,89,3,0
handsome and wealthy,migos,90,8,0
you and your friends,wiz khalifa featuring snoop dogg & ty dolla $ign,91,9,0
bobby bitch,bobby shmurda,92,3,0
superheroes,the script,93,9,0
ghost,ella henderson,94,3,0
mean to me,brett eldredge,95,2,0
made me,snootie wild featuring k camp,96,3,0
homegrown honey,darius rucker,97,2,0
shut up and dance,walk the moon,98,2,0
make me wanna,thomas rhett,99,1,1
she knows,ne-yo featuring juicy j,100,1,1
rolling in the deep,adele,1,22,0
give me everything,pitbull featuring ne-yo  afrojack & nayer,2,10,0
e.t.,katy perry featuring kanye west,3,17,0
the lazy song,bruno mars,4,15,0
on the floor,jennifer lopez featuring pitbull,5,15,0
party rock anthem,lmfao featuring lauren bennett & goonrock,6,11,0
the edge of glory,lady gaga,7,4,0
just can't get enough,the black eyed peas,8,16,0
till the world ends,britney spears featuring nicki minaj & ke$ha,9,14,0
the show goes on,lupe fiasco,10,23,0
super bass,nicki minaj,11,6,0
how to love,lil wayne,12,2,0
look at me now,chris brown featuring lil wayne & busta rhymes,13,18,0
i'm on one,dj khaled featuring drake  rick ross & lil wayne,14,3,0
roll up,wiz khalifa,15,17,0
good life,onerepublic,16,10,0
don't wanna go home,jason derulo,17,3,0
down on me,jeremih featuring 50 cent,18,30,0
honey bee,blake shelton,19,9,0
blow,ke$ha,20,20,0
s&m,rihanna featuring britney spears,21,21,0
f**k you! (forget you),cee lo green,22,41,0
dirt road anthem,jason aldean,23,9,0
written in the stars,tinie tempah featuring eric turner,24,16,0
motivation,kelly rowland featuring lil wayne,25,8,0
just a kiss,lady antebellum,26,5,0
tonight tonight,hot chelle rae,27,8,0
f**kin' perfect,pink,28,23,0
every teardrop is a waterfall,coldplay,29,1,1
for the first time,the script,30,23,0
who says,selena gomez & the scene,31,12,0
all of the lights,kanye west,32,23,0
mean,taylor swift,33,12,0
price tag,jessie j featuring b.o.b,34,18,0
i love you this big,scotty mccreery,35,2,0
firework,katy perry,36,33,0
born this way,lady gaga,37,17,0
knee deep,zac brown band featuring jimmy buffett,38,4,0
sure thing,miguel,39,13,0
she ain't you,chris brown,40,8,0
country girl (shake it for me),luke bryan,41,7,0
backseat,new boyz featuring the cataracs & dev,42,16,0
my last,big sean featuring chris brown,43,11,0
just the way you are,bruno mars,44,46,0
dirty dancer,enrique iglesias with usher featuring lil wayne,45,4,0
hello,martin solveig & dragonette,46,9,0
tomorrow,chris young,47,13,0
i won't let go,rascal flatts,48,19,0
old alabama,brad paisley featuring alabama,49,9,0
grenade,bruno mars,50,36,0
you lie,the band perry,51,14,0
without you,keith urban,52,13,0
racks,yc featuring future,53,10,0
best love song,t-pain featuring chris brown,54,11,0
run the world (girls),beyonce,55,7,0
if heaven wasn't so far away,justin moore,56,11,0
i need a doctor,dr. dre featuring eminem & skylar grey,57,18,0
heart like mine,miranda lambert,58,17,0
international love,pitbull featuring chris brown,59,1,1
like my mother does,lauren alaina,60,2,0
where them girls at,david guetta featuring flo rida & nicki minaj,61,5,0
barefoot blue jean night,jake owen,62,6,0
last friday night (t.g.i.f.),katy perry,63,2,0
homeboy,eric church,64,12,0
california king bed,rihanna,65,3,0
john,lil wayne featuring rick ross,66,11,0
am i the only one,dierks bentley,67,5,0
man down,rihanna,68,2,0
bleed red,ronnie dunn,69,17,0
never gonna leave this bed,maroon 5,70,6,0
you and tequila,kenny chesney featuring grace potter,71,2,0
the story of us,taylor swift,72,5,0
hustle hard,ace hood,73,9,0
pumped up kicks,foster the people,74,6,0
far away,marsha ambrosius,75,12,0
crazy girl,eli young band,76,13,0
colder weather,zac brown band,77,20,0
judas,lady gaga,78,7,0
donald trump,mac miller,79,2,0
somewhere else,toby keith,80,7,0
country song,seether,81,12,0
bow chicka wow wow,mike posner featuring lil wayne,82,15,0
the cave,mumford & sons,83,18,0
best thing i never had,beyonce,84,1,1
did it on'em,nicki minaj,85,14,0
iridescent,linkin park,86,1,1
out of my head,lupe fiasco featuring trey songz,87,2,0
i smile,kirk franklin,88,11,0
1+1,beyonce,89,2,0
unusual,trey songz featuring drake,90,1,1
right there,nicole scherzinger featuring 50 cent,91,3,0
take a back road,rodney atkins,92,1,1
best friend's brother,victorious cast featuring victoria justice,93,1,1
keep your head up,andy grammer,94,1,1
danza kuduro,don omar & lucenzo,95,5,0
i'm into you,jennifer lopez featuring lil wayne,96,3,0
cat daddy,rej3ctz,97,1,1
just fishin',trace adkins,98,1,1
sing,my chemical romance,99,17,0
(it) feels so good,steven tyler,100,4,0
nothin' on you,b.o.b featuring bruno mars,1,13,0
rude boy,rihanna,2,11,0
break your heart,taio cruz featuring ludacris,3,9,0
need you now,lady antebellum,4,37,0
hey  soul sister,train,5,30,0
omg,usher featuring will.i.am,6,4,0
in my head,jason derulo,7,20,0
your love is my drug,ke$ha,8,11,0
airplanes,b.o.b featuring hayley williams,9,2,0
telephone,lady gaga featuring beyonce,10,22,0
my chick bad,ludacris featuring nicki minaj,11,9,0
young forever,jay-z + mr. hudson,12,15,0
whataya want from me,adam lambert,13,19,0
breakeven,the script,14,21,0
imma be,the black eyed peas,15,21,0
over,drake,16,7,0
tik tok,ke$ha,17,29,0
say aah,trey songz featuring fabolous,18,24,0
carry out,timbaland featuring justin timberlake,19,21,0
alejandro,lady gaga,20,4,0
baby,justin bieber featuring ludacris,21,14,0
all the right moves,onerepublic,22,29,0
i made it (cash money heroes),kevin rudolf featuring birdman  jay sean  & lil wayne,23,12,0
bedrock,young money featuring lloyd,24,22,0
american honey,lady antebellum,25,15,0
eenie meenie,sean kingston & justin bieber,26,5,0
like a prayer,glee cast featuring jonathan groff,27,1,1
bad romance,lady gaga,28,26,0
hey daddy (daddy's home),usher featuring plies,29,15,0
the house that built me,miranda lambert,30,5,0
haven't met you yet,michael buble,31,30,0
solo,iyaz,32,11,0
live like we're dying,kris allen,33,26,0
gimmie that girl,joe nichols,34,9,0
bulletproof,la roux,35,8,0
naturally,selena gomez & the scene,36,18,0
say something,timbaland featuring drake,37,16,0
i gotta feeling,the black eyed peas,38,46,0
how low,ludacris,39,20,0
lil freak,usher featuring nicki minaj,40,8,0
billionaire,travie mccoy featuring bruno mars,41,4,0
winner,jamie foxx featuring justin timberlake & t .i.,42,3,0
sexy chick,david guetta featuring akon,43,38,0
everything to me,monica,44,11,0
all i do is win,dj khaled featuring t-pain  ludacris  snoop dogg & rick ross,45,10,0
neighbors know my name,trey songz,46,9,0
if we ever meet again,timbaland featuring katy perry,47,6,0
according to you,orianthi,48,21,0
not myself tonight,christina aguilera,49,2,0
ain't back yet,kenny chesney,50,8,0
highway 20 ride,zac brown band,51,15,0
heartbreak warfare,john mayer,52,20,0
the man i want to be,chris young,53,8,0
rain is a good thing,luke bryan,54,5,0
i'm awesome,spose,55,6,0
beamer  benz  or bentley,lloyd banks featuring juelz santana,56,9,0
pray for you,jaron and the long road to love,57,5,0
un-thinkable (i'm ready),alicia keys,58,3,0
halfway gone,lifehouse,59,20,0
blah blah blah,ke$ha featuring 3oh!3,60,16,0
temporary home,carrie underwood,61,18,0
i'm back,t.i.,62,6,0
this afternoon,nickelback,63,3,0
hello good morning,diddy - dirty money featuring t.i.,64,4,0
today was a fairytale,taylor swift,65,14,0
unstoppable,rascal flatts,66,12,0
roger that,young money,67,5,0
when i look at you,miley cyrus,68,11,0
hell on the heart,eric church,69,8,0
steady mobbin',young money featuring gucci mane,70,16,0
hillbilly bone,blake shelton featuring trace adkins,71,18,0
bet i,b.o.b featuring t.i. & playboy tre,72,1,1
keep on lovin' you,steel magnolia,73,8,0
a little more country than that,easton corbin,74,16,0
drop the world,lil wayne featuring eminem,75,17,0
i never told you,colbie caillat,76,5,0
backwoods,justin moore,77,9,0
borderline / open your heart,glee cast,78,1,1
crazy town,jason aldean,79,2,0
there goes my baby,usher,80,6,0
i gotta get to you,george strait,81,6,0
'til summer comes around,keith urban,82,15,0
she won't be lonely long,clay walker,83,4,0
water,brad paisley,84,2,0
wrong baby wrong,martina mcbride,85,5,0
lemonade,gucci mane,86,12,0
like a virgin,glee cast,87,1,1
impossible,shontelle,88,1,1
4 minutes,glee cast,89,1,1
i keep on loving you,reba,90,1,1
still,tim mcgraw,91,1,1
gives you hell,glee cast,92,2,0
ride,ciara featuring ludacris,93,1,1
i am,mary j. blige,94,20,0
kissin u,miranda cosgrove,95,2,0
all i ever wanted,kelly clarkson,96,3,0
give me a sign (forever and ever),breaking benjamin,97,3,0
love king,the-dream,98,2,0
o let's do it,waka flocka flame,99,11,0
sex therapy,robin thicke,100,19,0
thrift shop,macklemore & ryan lewis featuring wanz,1,18,0
locked out of heaven,bruno mars,2,18,0
scream & shout,will.i.am & britney spears,3,10,0
ho hey,the lumineers,4,35,0
i knew you were trouble.,taylor swift,5,16,0
don't you worry child,swedish house mafia featuring john martin,6,20,0
beauty and a beat,justin bieber featuring nicki minaj,7,17,0
f**kin problems,a$ap rocky featuring drake  2 chainz & kendrick lamar,8,14,0
try,pink,9,15,0
sweet nothing,calvin harris featuring florence welch,10,13,0
diamonds,rihanna,11,19,0
girl on fire,alicia keys featuring nicki minaj,12,22,0
suit & tie,justin timberlake featuring jay z,13,4,0
daylight,maroon 5,14,9,0
home,phillip phillips,15,32,0
it's time,imagine dragons,16,35,0
one more night,maroon 5,17,33,0
i cry,flo rida,18,19,0
catch my breath,kelly clarkson,19,15,0
little talks,of monsters and men,20,37,0
love me,lil wayne featuring drake & future,21,3,0
when i was your man,bruno mars,22,7,0
the a team,ed sheeran,23,30,0
some nights,fun.,24,50,0
swimming pools (drank),kendrick lamar,25,25,0
i will wait,mumford & sons,26,26,0
c'mon,ke$ha,27,7,0
die young,ke$ha,28,19,0
better dig two,the band perry,29,14,0
hall of fame,the script featuring will.i.am,30,19,0
every storm (runs out of rain),gary allan,31,18,0
don't stop the party,pitbull featuring tjr,32,16,0
radioactive,imagine dragons,33,23,0
wanted,hunter hayes,34,41,0
i'm different,2 chainz,35,12,0
all gold everything,trinidad james,36,8,0
pour it up,rihanna,37,5,0
let me love you (until you learn to love yourself),ne-yo,38,27,0
sure be cool if you did,blake shelton,39,4,0
the only way i know,jason aldean with luke bryan & eric church,40,13,0
adorn,miguel,41,27,0
cruise,florida georgia line featuring nelly,42,25,0
poetic justice,kendrick lamar featuring drake,43,15,0
clique,kanye west  jay-z  big sean,44,22,0
one of those nights,tim mcgraw,45,10,0
gangnam style,psy,46,22,0
somebody that i used to know,gotye featuring kimbra,47,57,0
call me maybe,carly rae jepsen,48,50,0
no worries,lil wayne featuring detail,49,22,0
two black cadillacs,carrie underwood,50,8,0
how country feels,randy houser,51,18,0
tornado,little big town,52,13,0
wicked games,the weeknd,53,14,0
southern comfort zone,brad paisley,54,18,0
ball,t.i. featuring lil wayne,55,16,0
madness,muse,56,24,0
troublemaker,olly murs featuring flo rida,57,3,0
somebody's heartbreak,hunter hayes,58,11,0
nothing like us,justin bieber,59,1,1
yolo,the lonely island featuring adam levine & kendrick lamar,60,1,1
sail,awolnation,61,22,0
little things,one direction,62,12,0
merry go 'round,kacey musgraves,63,8,0
neva end,future,64,9,0
carry on,fun.,65,5,0
cups (pitch perfect's when i'm gone),anna kendrick,66,6,0
i drive your truck,lee brice,67,5,0
who booty,jonn hart featuring iamsu!,68,8,0
i love it,icona pop featuring charli xcx,69,1,1
tip it on back,dierks bentley,70,11,0
stubborn love,the lumineers,71,8,0
remember you,wiz khalifa featuring the weeknd,72,11,0
anything could happen,ellie goulding,73,17,0
don't judge me,chris brown,74,14,0
begin again,taylor swift,75,18,0
feel this moment,pitbull featuring christina aguilera,76,2,0
goodbye in her eyes,zac brown band,77,17,0
va va voom,nicki minaj,78,16,0
love sosa,chief keef,79,8,0
kiss you,one direction,80,6,0
battle scars,lupe fiasco & guy sebastian,81,6,0
mama's broken heart,miranda lambert,82,2,0
if i didn't have you,thompson square,83,5,0
guap,big sean,84,8,0
get your shine on,florida georgia line,85,2,0
take a walk,passion pit,86,22,0
give it all we got tonight,george strait,87,5,0
crying on a suitcase,casey james,88,7,0
demons,imagine dragons,89,4,0
dope,tyga featuring rick ross,90,2,0
let me love you (until you learn to love yourself),glee cast,91,1,1
beer money,kip moore,92,20,0
riff off: mickey / like a virgin / hit me with your best shot...,the barden bellas  the treblemakers & the bu harmonics,93,5,0
bellas finals: price tag / don't you (forget about me)...,the barden bellas,94,6,0
bitch  don't kill my vibe,kendrick lamar,95,3,0
let there be cowgirls,chris cagle,96,2,0
can't hold us,macklemore & ryan lewis featuring ray dalton,97,1,1
as long as you love me (acoustic),justin bieber,98,1,1
same love,macklemore & ryan lewis featuring mary lambert,99,1,1
loveeeeeee song,rihanna featuring future,100,1,1
uptown funk!,mark ronson featuring bruno mars,1,18,0
sugar,maroon 5,2,9,0
thinking out loud,ed sheeran,3,23,0
love me like you do,ellie goulding,4,10,0
fourfiveseconds,rihanna & kanye west & paul mccartney,5,8,0
earned it (fifty shades of grey),the weeknd,6,12,0
style,taylor swift,7,14,0
lay me down,sam smith,8,6,0
time of our lives,pitbull & ne-yo,9,14,0
trap queen,fetty wap,10,8,0
take me to church,hozier,11,31,0
blank space,taylor swift,12,20,0
g.d.f.r.,flo rida featuring sage the gemini & lookas,13,18,0
truffle butter,nicki minaj featuring drake & lil wayne,14,8,0
somebody,natalie la rose featuring jeremih,15,8,0
i don't mind,usher featuring juicy j,16,17,0
lips are movin,meghan trainor,17,21,0
one last time,ariana grande,18,5,0
i'm not the only one,sam smith,19,28,0
chains,nick jonas,20,7,0
shut up and dance,walk the moon,21,18,0
shake it off,taylor swift,22,30,0
ayo,chris brown & tyga,23,10,0
i want you to know,zedd featuring selena gomez,24,3,0
centuries,fall out boy,25,27,0
she knows,ne-yo featuring juicy j,26,17,0
take your time,sam hunt,27,11,0
all about that bass,meghan trainor,28,36,0
only,nicki minaj featuring drake  lil wayne & chris brown,29,20,0
heartbeat song,kelly clarkson,30,9,0
believe,mumford & sons,31,1,1
jealous,nick jonas,32,27,0
i don't f**k with you,big sean featuring e-40,33,25,0
stay with me,sam smith,34,49,0
blessings,big sean featuring drake,35,6,0
7/11,beyonce,36,16,0
outside,calvin harris featuring ellie goulding,37,14,0
riptide,vance joy,38,38,0
prayer in c,lillywood & robin schulz,39,15,0
animals,maroon 5,40,30,0
post to be,omarion featuring chris brown & jhene aiko,41,10,0
homegrown,zac brown band,42,9,0
i bet,ciara,43,3,0
ghost,ella henderson,44,20,0
want to want me,jason derulo,45,1,1
talking body,tove lo,46,7,0
chandelier,sia,47,45,0
ain't worth the whiskey,cole swindell,48,11,0
elastic heart,sia,49,10,0
no type,rae sremmurd,50,25,0
all day,kanye west featuring theophilus london  allan kingdom & paul mccartney,51,2,0
night changes,one direction,52,17,0
mean to me,brett eldredge,53,19,0
energy,drake,54,5,0
little red wagon,miranda lambert,55,5,0
just gettin' started,jason aldean,56,16,0
lonely eyes,chris young,57,13,0
geronimo,sheppard,58,12,0
coco,o.t. genasis,59,17,0
i bet my life,imagine dragons,60,19,0
throw sum mo,rae sremmurd featuring nicki minaj & young thug,61,11,0
legend,drake,62,5,0
homegrown honey,darius rucker,63,16,0
slow motion,trey songz,64,5,0
lonely tonight,blake shelton featuring ashley monroe,65,15,0
know yourself,drake,66,4,0
apparently,j. cole,67,13,0
i really like you,carly rae jepsen,68,2,0
feeling myself,nicki minaj featuring beyonce,69,13,0
you're so beautiful,empire cast featuring jussie smollett & yazz,70,3,0
say you do,dierks bentley,71,9,0
budapest,george ezra,72,7,0
the hanging tree,james newton howard featuring jennifer lawrence,73,16,0
a guy walks into a bar,tyler farr,74,11,0
make me wanna,thomas rhett,75,18,0
watch me,silento,76,3,0
honey  i'm good.,andy grammer,77,3,0
10 bands,drake,78,5,0
immortals,fall out boy,79,4,0
nobody love,tori kelly,80,3,0
i see you,luke bryan,81,16,0
the heart wants what it wants,selena gomez,82,19,0
smoke,a thousand horses,83,3,0
raise 'em up,keith urban featuring eric church,84,3,0
masterpiece,jessie j,85,3,0
conqueror,empire cast featuring estelle & jussie smollett,86,2,0
worth it,fifth harmony featuring kid ink,87,4,0
don't it,billy currington,88,2,0
i lived,onerepublic,89,16,0
girl crush,little big town,90,4,0
what we ain't got,jake owen,91,11,0
she don't love you,eric paslay,92,2,0
where are u now,skrillex & diplo with justin bieber,93,2,0
games,luke bryan,94,1,1
bills,lunchmoney lewis,95,1,1
bright,echosmith,96,1,1
wild child,kenny chesney with grace potter,97,1,1
diamond rings and old barstools,tim mcgraw with catherine dunn,98,1,1
little toy guns,carrie underwood,99,1,1
see you again,wiz khalifa featuring charlie puth,100,1,1
bad and boujee,migos featuring lil uzi vert,1,11,0
shape of you,ed sheeran,2,3,0
closer,the chainsmokers featuring halsey,3,26,0
bad things,machine gun kelly x camila cabello,4,13,0
i don't wanna live forever (fifty shades darker),zayn / taylor swift,5,7,0
black beatles,rae sremmurd featuring gucci mane,6,20,0
don't wanna know,maroon 5 featuring kendrick lamar,7,16,0
starboy,the weeknd featuring daft punk,8,19,0
fake love,drake,9,14,0
scars to your beautiful,alessia cara,10,22,0
24k magic,bruno mars,11,16,0
side to side,ariana grande featuring nicki minaj,12,22,0
paris,the chainsmokers,13,2,0
love on the brain,rihanna,14,15,0
bounce back,big sean,15,12,0
let me love you,dj snake featuring justin bieber,16,25,0
caroline,amine,17,21,0
i feel it coming,the weeknd featuring daft punk,18,10,0
all time low,jon bellion,19,16,0
starving,hailee steinfeld & grey featuring zedd,20,26,0
mercy,shawn mendes,21,19,0
heathens,twenty one pilots,22,32,0
can't stop the feeling!,justin timberlake,23,38,0
this town,niall horan,24,18,0
broccoli,d.r.a.m. featuring lil yachty,25,33,0
water under the bridge,adele,26,12,0
cheap thrills,sia featuring sean paul,27,50,0
treat you better,shawn mendes,28,34,0
ispy,kyle featuring lil yachty,29,5,0
juju on that beat (tz anthem),zay hilfigerrr & zayion mccall,30,18,0
say you won't let go,james arthur,31,14,0
rockabye,clean bandit featuring sean paul & anne-marie,32,8,0
love me now,john legend,33,14,0
don't let me down,the chainsmokers featuring daya,34,50,0
better man,little big town,35,13,0
blue ain't your color,keith urban,36,20,0
t-shirt,migos,37,2,0
the greatest,sia featuring kendrick lamar,38,21,0
castle on the hill,ed sheeran,39,3,0
party,chris brown featuring usher & gucci mane,40,6,0
x,21 savage & metro boomin featuring future,41,20,0
a guy with a girl,blake shelton,42,11,0
chill bill,rob $tone featuring j. davi$ & spooks,43,26,0
dirt on my boots,jon pardi,44,8,0
star of the show,thomas rhett,45,13,0
deja vu,j. cole,46,7,0
used to this,future featuring drake,47,12,0
cold water,major lazer featuring justin bieber & mo,48,27,0
both,gucci mane featuring drake,49,6,0
party monster,the weeknd,50,10,0
goosebumps,travis scott,51,12,0
down,marian hill,52,2,0
handclap,fitz and the tantrums,53,18,0
way down we go,kaleo,54,5,0
seein' red,dustin lynch,55,5,0
i got you,bebe rexha,56,4,0
make me (cry),noah cyrus featuring labrinth,57,7,0
congratulations,post malone featuring quavo,58,5,0
chantaje,shakira featuring maluma,59,11,0
play that song,train,60,9,0
no heart,21 savage & metro boomin,61,14,0
think a little less,michael ray,62,5,0
sober saturday night,chris young featuring vince gill,63,4,0
location,khalid,64,3,0
how far i'll go,auli'i cravalho,65,9,0
dirty laundry,carrie underwood,66,15,0
selfish,pnb rock,67,12,0
how far i'll go,alessia cara,68,8,0
wanna be that song,brett eldredge,69,17,0
fresh eyes,andy grammer,70,17,0
kill a word,eric church featuring rhiannon giddens,71,7,0
moves,big sean,72,5,0
otw,dj luke nasty,73,6,0
today,brad paisley,74,4,0
swang,rae sremmurd,75,6,0
redbone,childish gambino,76,9,0
despacito,luis fonsi & daddy yankee featuring justin bieber,77,2,0
80s mercedes,maren morris,78,11,0
the weekend,brantley gilbert,79,4,0
if the boot fits,granger smith,80,2,0
fast,luke bryan,81,1,1
that's what i like,bruno mars,82,2,0
not nice,partynextdoor,83,2,0
guys my age,hey violet,84,1,1
sex with me,rihanna,85,13,0
road less traveled,lauren alaina,86,1,1
issues,julia michaels,87,1,1
call on me,starley,88,4,0
alone,marshmello,89,9,0
black,dierks bentley,90,2,0
love on the weekend,john mayer,91,2,0
good drank,2 chainz x gucci mane x quavo,92,1,1
any ol' barstool,jason aldean,93,1,1
dancing on my own,calum scott,94,1,1
sneakin',drake featuring 21 savage,95,14,0
song for another time,old dominion,96,18,0
million reasons,lady gaga,97,11,0
say it,flume featuring tove lo,98,4,0
water,ugly god,99,4,0
running back,wale featuring lil wayne,100,1,1
thrift shop,macklemore & ryan lewis featuring wanz,1,17,0
locked out of heaven,bruno mars,2,17,0
ho hey,the lumineers,3,34,0
i knew you were trouble.,taylor swift,4,15,0
scream & shout,will.i.am & britney spears,5,9,0
don't you worry child,swedish house mafia featuring john martin,6,19,0
beauty and a beat,justin bieber featuring nicki minaj,7,16,0
diamonds,rihanna,8,18,0
home,phillip phillips,9,31,0
f**kin problems,a$ap rocky featuring drake  2 chainz & kendrick lamar,10,13,0
try,p!nk,11,14,0
girl on fire,alicia keys featuring nicki minaj,12,21,0
suit & tie,justin timberlake featuring jay z,13,3,0
sweet nothing,calvin harris featuring florence welch,14,12,0
it's time,imagine dragons,15,34,0
love me,lil wayne featuring drake & future,16,2,0
daylight,maroon 5,17,8,0
one more night,maroon 5,18,32,0
i cry,flo rida,19,18,0
some nights,fun.,20,49,0
the a team,ed sheeran,21,29,0
catch my breath,kelly clarkson,22,14,0
little talks,of monsters and men,23,36,0
die young,ke$ha,24,18,0
swimming pools (drank),kendrick lamar,25,24,0
every storm (runs out of rain),gary allan,26,17,0
don't stop the party,pitbull featuring tjr,27,15,0
c'mon,ke$ha,28,6,0
better dig two,the band perry,29,13,0
hall of fame,the script featuring will.i.am,30,18,0
i will wait,mumford & sons,31,25,0
wanted,hunter hayes,32,40,0
i'm different,2 chainz,33,11,0
radioactive,imagine dragons,34,22,0
let me love you (until you learn to love yourself),ne-yo,35,26,0
adorn,miguel,36,26,0
gangnam style,psy,37,21,0
cruise,florida georgia line featuring nelly,38,24,0
clique,kanye west  jay-z  big sean,39,21,0
all gold everything,trinidad james,40,7,0
the only way i know,jason aldean with luke bryan & eric church,41,12,0
how country feels,randy houser,42,17,0
call me maybe,carly rae jepsen,43,49,0
somebody that i used to know,gotye featuring kimbra,44,56,0
little things,one direction,45,11,0
pour it up,rihanna,46,4,0
too close,alex clare,47,44,0
sure be cool if you did,blake shelton,48,3,0
when i was your man,bruno mars,49,6,0
no worries,lil wayne featuring detail,50,21,0
poetic justice,kendrick lamar featuring drake,51,14,0
one of those nights,tim mcgraw,52,9,0
two black cadillacs,carrie underwood,53,7,0
wicked games,the weeknd,54,13,0
ball,t.i. featuring lil wayne,55,15,0
tornado,little big town,56,12,0
southern comfort zone,brad paisley,57,17,0
bandz a make her dance,juicy j featuring lil wayne & 2 chainz,58,20,0
somebody's heartbreak,hunter hayes,59,10,0
anything could happen,ellie goulding,60,16,0
madness,muse,61,23,0
va va voom,nicki minaj,62,15,0
sail,awolnation,63,21,0
cups (pitch perfect's when i'm gone),anna kendrick,64,5,0
troublemaker,olly murs featuring flo rida,65,2,0
goodbye in her eyes,zac brown band,66,16,0
merry go 'round,kacey musgraves,67,7,0
dope,tyga featuring rick ross,68,1,1
remember you,wiz khalifa featuring the weeknd,69,10,0
stubborn love,the lumineers,70,7,0
neva end,future,71,8,0
tip it on back,dierks bentley,72,10,0
who booty,jonn hart featuring iamsu!,73,7,0
don't judge me,chris brown,74,13,0
carry on,fun.,75,4,0
i drive your truck,lee brice,76,4,0
love sosa,chief keef,77,7,0
begin again,taylor swift,78,17,0
guap,big sean,79,7,0
kiss you,one direction,80,5,0
battle scars,lupe fiasco & guy sebastian,81,5,0
if i didn't have you,thompson square,82,4,0
beer money,kip moore,83,19,0
take a walk,passion pit,84,21,0
bellas finals: price tag / don't you (forget about me)...,the barden bellas,85,5,0
riff off: mickey / like a virgin / hit me with your best shot...,the barden bellas  the treblemakers & the bu harmonics,86,4,0
rest of my life,ludacris featuring usher & david guetta,87,10,0
crying on a suitcase,casey james,88,6,0
mama's broken heart,miranda lambert,89,1,1
bad ass,kid ink featuring meek mill & wale,90,1,1
wild for the night,a$ap rocky featuring skrillex,91,2,0
give it all we got tonight,george strait,92,4,0
demons,imagine dragons,93,3,0
til my last day,justin moore,94,20,0
celebration,game featuring chris brown  tyga  wiz khalifa & lil wayne,95,12,0
get your shine on,florida georgia line,96,1,1
let there be cowgirls,chris cagle,97,1,1
bitch  don't kill my vibe,kendrick lamar,98,2,0
feel this moment,pitbull featuring christina aguilera,99,1,1
skyfall,adele,100,17,0
rude boy,rihanna,1,8,0
nothin' on you,b.o.b featuring bruno mars,2,10,0
hey  soul sister,train,3,27,0
need you now,lady antebellum,4,34,0
telephone,lady gaga featuring beyonce,5,19,0
break your heart,taio cruz featuring ludacris,6,6,0
imma be,the black eyed peas,7,18,0
baby,justin bieber featuring ludacris,8,11,0
in my head,jason derulo,9,17,0
bedrock,young money featuring lloyd,10,19,0
say aah,trey songz featuring fabolous,11,21,0
tik tok,ke$ha,12,26,0
carry out,timbaland featuring justin timberlake,13,18,0
omg,usher featuring will.i.am,14,1,1
breakeven,the script,15,18,0
when i look at you,miley cyrus,16,8,0
bad romance,lady gaga,17,23,0
my chick bad,ludacris featuring nicki minaj,18,6,0
all the right moves,onerepublic,19,26,0
how low,ludacris,20,17,0
young forever,jay-z + mr. hudson,21,12,0
blah blah blah,ke$ha featuring 3oh!3,22,13,0
whataya want from me,adam lambert,23,16,0
over,drake,24,4,0
hey daddy (daddy's home),usher featuring plies,25,12,0
live like we're dying,kris allen,26,23,0
say something,timbaland featuring drake,27,13,0
according to you,orianthi,28,18,0
i made it (cash money heroes),kevin rudolf featuring birdman  jay sean  & lil wayne,29,9,0
haven't met you yet,michael buble,30,27,0
sexy chick,david guetta featuring akon,31,35,0
your love is my drug,ke$ha,32,8,0
eenie meenie,sean kingston & justin bieber,33,2,0
hello good morning,diddy - dirty money featuring t.i.,34,1,1
american honey,lady antebellum,35,12,0
i gotta feeling,the black eyed peas,36,43,0
tie me down,new boyz featuring ray j,37,25,0
today was a fairytale,taylor swift,38,11,0
replay,iyaz,39,33,0
naturally,selena gomez & the scene,40,15,0
heartbreak warfare,john mayer,41,17,0
solo,iyaz,42,8,0
lil freak,usher featuring nicki minaj,43,5,0
highway 20 ride,zac brown band,44,12,0
i'm awesome,spose,45,3,0
life after you,daughtry,46,18,0
empire state of mind,jay-z + alicia keys,47,30,0
down,jay sean featuring lil wayne,48,40,0
gimmie that girl,joe nichols,49,6,0
you belong with me,taylor swift,50,50,0
everything to me,monica,51,8,0
temporary home,carrie underwood,52,15,0
a little more country than that,easton corbin,53,13,0
steady mobbin',young money featuring gucci mane,54,13,0
lemonade,gucci mane,55,9,0
halfway gone,lifehouse,56,17,0
bulletproof,la roux,57,5,0
neighbors know my name,trey songz,58,6,0
someday,rob thomas,59,22,0
hillbilly bone,blake shelton featuring trace adkins,60,15,0
i'm back,t.i.,61,3,0
drop the world,lil wayne featuring eminem,62,14,0
'til summer comes around,keith urban,63,12,0
ain't back yet,kenny chesney,64,5,0
sex therapy,robin thicke,65,16,0
the man i want to be,chris young,66,5,0
all i do is win,dj khaled featuring t-pain  ludacris  snoop dogg & rick ross,67,7,0
all the way turnt up,roscoe dash featuring soulja boy tell'em,68,10,0
hard,rihanna featuring jeezy,69,20,0
o let's do it,waka flocka flame,70,8,0
beamer  benz  or bentley,lloyd banks featuring juelz santana,71,6,0
alejandro,lady gaga,72,1,1
on to the next one,jay-z + swizz beatz,73,12,0
if we ever meet again,timbaland featuring katy perry,74,3,0
unstoppable,rascal flatts,75,9,0
fearless,taylor swift,76,13,0
hell on the heart,eric church,77,5,0
ridin' solo,jason derulo,78,5,0
rain is a good thing,luke bryan,79,2,0
roger that,young money,80,2,0
i am,mary j. blige,81,17,0
backwoods,justin moore,82,6,0
keep on lovin' you,steel magnolia,83,5,0
pray for you,jaron and the long road to love,84,2,0
that's how country boys roll,billy currington,85,18,0
shots,lmfao featuring lil jon,86,17,0
women lie  men lie,yo gotti featuring lil wayne,87,6,0
there goes my baby,usher,88,3,0
the house that built me,miranda lambert,89,2,0
try sleeping with a broken heart,alicia keys,90,20,0
wrong baby wrong,martina mcbride,91,2,0
billionaire,travie mccoy featuring bruno mars,92,1,1
just breathe,pearl jam,93,12,0
one day,matisyahu,94,6,0
window seat,erykah badu,95,1,1
i gotta get to you,george strait,96,3,0
i never told you,colbie caillat,97,2,0
it kills me,melanie fiona,98,20,0
she won't be lonely long,clay walker,99,1,1
fistful of tears,maxwell,100,3,0
closer,the chainsmokers featuring halsey,1,14,0
starboy,the weeknd featuring daft punk,2,7,0
heathens,twenty one pilots,3,20,0
let me love you,dj snake featuring justin bieber,4,13,0
broccoli,d.r.a.m. featuring lil yachty,5,21,0
side to side,ariana grande featuring nicki minaj,6,10,0
24k magic,bruno mars,7,4,0
juju on that beat (tz anthem),zay hilfigerrr & zayion mccall,8,6,0
black beatles,rae sremmurd featuring gucci mane,9,8,0
fake love,drake,10,2,0
don't wanna know,maroon 5 featuring kendrick lamar,11,4,0
cold water,major lazer featuring justin bieber & mo,12,15,0
i hate u i love u,gnash featuring olivia o'brien,13,29,0
treat you better,shawn mendes,14,22,0
cheap thrills,sia featuring sean paul,15,38,0
gold,kiiara,16,24,0
don't let me down,the chainsmokers featuring daya,17,38,0
starving,hailee steinfeld & grey featuring zedd,18,14,0
ooouuu,young m.a,19,10,0
the greatest,sia featuring kendrick lamar,20,9,0
caroline,amine,21,9,0
can't stop the feeling!,justin timberlake,22,26,0
this is what you came for,calvin harris featuring rihanna,23,27,0
scars to your beautiful,alessia cara,24,10,0
blue ain't your color,keith urban,25,8,0
ride,twenty one pilots,26,34,0
unsteady,x ambassadors,27,25,0
sneakin',drake featuring 21 savage,28,2,0
setting the world on fire,kenny chesney featuring p!nk,29,14,0
one dance,drake featuring wizkid & kyla,30,31,0
send my love (to your new lover),adele,31,25,0
needed me,rihanna,32,40,0
sucker for pain,lil wayne  wiz khalifa & imagine dragons with logic & ty dolla $ign feat. x ambassadors,33,19,0
luv,tory lanez,34,19,0
chill bill,rob $tone featuring j. davi$ & spooks,35,14,0
sit still  look pretty,daya,36,23,0
too good,drake featuring rihanna,37,27,0
tiimmy turner,desiigner,38,15,0
in the name of love,martin garrix & bebe rexha,39,12,0
may we all,florida georgia line featuring tim mcgraw,40,10,0
hymn for the weekend,coldplay,41,23,0
my way,calvin harris,42,7,0
panda,desiigner,43,37,0
we don't talk anymore,charlie puth featuring selena gomez,44,22,0
do you mind,dj khaled featuring nicki minaj  chris brown  august alsina  jeremih  future & rick ross,45,13,0
no problem,chance the rapper featuring lil wayne & 2 chainz,46,24,0
x,21 savage & metro boomin featuring future,47,8,0
middle of a memory,cole swindell,48,15,0
litty,meek mill featuring tory lanez,49,1,1
move,luke bryan,50,11,0
1 night,lil yachty,51,13,0
pick up the phone,young thug and travis scott featuring quavo,52,12,0
all time low,jon bellion,53,4,0
better man,little big town,54,1,1
a little more summertime,jason aldean,55,9,0
sleep without you,brett young,56,8,0
million reasons,lady gaga,57,3,0
vice,miranda lambert,58,16,0
all we know,the chainsmokers featuring phoebe ryan,59,5,0
money longer,lil uzi vert,60,21,0
too much sauce,dj esco featuring future & lil uzi vert,61,11,0
no limit,usher featuring young thug,62,19,0
come and see me,partynextdoor featuring drake,63,18,0
fade,kanye west,64,9,0
this town,niall horan,65,6,0
song for another time,old dominion,66,6,0
you was right,lil uzi vert,67,17,0
froze,meek mill featuring lil uzi vert & nicki minaj,68,1,1
dirty laundry,carrie underwood,69,3,0
offended,meek mill featuring young thug & 21 savage,70,1,1
no heart,21 savage & metro boomin,71,2,0
wanna be that song,brett eldredge,72,5,0
two birds  one stone,drake,73,1,1
love on the brain,rihanna,74,3,0
on the regular,meek mill,75,1,1
key to the streets,yfn lucci featuring migos & trouble,76,7,0
hallelujah,pentatonix,77,2,0
handclap,fitz and the tantrums,78,6,0
fresh eyes,andy grammer,79,5,0
mercy,shawn mendes,80,7,0
it don't hurt like it used to,billy currington,81,15,0
i know somebody,locash,82,10,0
capsize,frenship & emily warren,83,6,0
the difference,meek mill featuring quavo,84,1,1
say you won't let go,james arthur,85,2,0
shout out to my ex,little mix,86,2,0
all eyez,the game featuring jeremih,87,4,0
star of the show,thomas rhett,88,1,1
how i'll always be,tim mcgraw,89,3,0
ain't my fault,zara larsson,90,4,0
wishing,dj drama featuring chris brown  skeme & lyquin,91,12,0
80s mercedes,maren morris,92,3,0
blue notes,meek mill,93,1,1
my sh*t,a boogie wit da hoodie,94,3,0
what they want,russ,95,2,0
chantaje,shakira featuring maluma,96,1,1
blessed up,meek mill,97,1,1
love me now,john legend,98,2,0
wat u mean (aye  aye  aye),dae dae,99,16,0
cool girl,tove lo,100,5,0
nice for what,drake,1,8,0
psycho,post malone featuring ty dolla $ign,2,14,0
god's plan,drake,3,19,0
this is america,childish gambino,4,4,0
the middle,zedd  maren morris & grey,5,18,0
yes indeed,lil baby & drake,6,3,0
i like it,cardi b  bad bunny & j balvin,7,8,0
boo'd up,ella mai,8,9,0
meant to be,bebe rexha & florida georgia line,9,32,0
no tears left to cry,ariana grande,10,6,0
in my blood,shawn mendes,11,11,0
look alive,blocboy jb featuring drake,12,16,0
friends,marshmello & anne-marie,13,16,0
walk it talk it,migos featuring drake,14,18,0
lucid dreams,juice wrld,15,3,0
never be the same,camila cabello,16,24,0
perfect,ed sheeran,17,40,0
whatever it takes,imagine dragons,18,18,0
i'm upset,drake,19,1,1
mine,bazzi,20,19,0
be careful,cardi b,21,9,0
heaven,kane brown,22,23,0
rockstar,post malone featuring 21 savage,23,37,0
wait,maroon 5,24,20,0
havana,camila cabello featuring young thug,25,42,0
freaky friday,lil dicky featuring chris brown,26,11,0
plug walk,rich the kid,27,16,0
delicate,taylor swift,28,12,0
pray for me,the weeknd & kendrick lamar,29,17,0
better now,post malone,30,5,0
new rules,dua lipa,31,44,0
one kiss,calvin harris & dua lipa,32,8,0
chun-li,nicki minaj,33,8,0
one number away,luke combs,34,11,0
love lies,khalid & normani,35,15,0
te bote,casper magico  nio garcia  darell  nicky jam  ozuna & bad bunny,36,6,0
tequila,dan + shay,37,12,0
back to you,selena gomez,38,3,0
finesse,bruno mars & cardi b,39,22,0
call out my name,the weeknd,40,9,0
all the stars,kendrick lamar & sza,41,21,0
you make it easy,jason aldean,42,18,0
sad!,xxxtentacion,43,13,0
ric flair drip,offset & metro boomin,44,31,0
praise the lord (da shine),a$ap rocky featuring skepta,45,1,1
tati,6ix9ine featuring dj spinking,46,1,1
all girls are the same,juice wrld,47,3,0
x,nicky jam x j balvin,48,13,0
idgaf,dua lipa,49,20,0
powerglide,rae sremmurd & juicy j,50,13,0
fake love,bts,51,2,0
overdose,youngboy never broke again,52,5,0
dura,daddy yankee,53,17,0
up down,morgan wallen featuring florida georgia line,54,10,0
done for me,charlie puth featuring kehlani,55,4,0
i like me better,lauv,56,16,0
get along,kenny chesney,57,8,0
japan,famous dex,58,10,0
kod,j. cole,59,6,0
esskeetit,lil pump,60,7,0
dame tu cosita,pitbull x el chombo x karol g featuring cutty ranks,61,6,0
ball for me,post malone featuring nicki minaj,62,5,0
a$ap forever,a$ap rocky featuring moby,63,2,0
sit next to me,foster the people,64,11,0
infrared,pusha t,65,1,1
big bank,yg featuring 2 chainz  big sean & nicki minaj,66,1,1
woman  amen,dierks bentley,67,8,0
king's dead,jay rock  kendrick lamar  future & james blake,68,20,0
everything's gonna be alright,david lee murphy & kenny chesney,69,6,0
alone,halsey featuring big sean & stefflon don,70,7,0
i lived it,blake shelton,71,13,0
mercy,brett young,72,4,0
if you know you know,pusha t,73,1,1
life goes on,lil baby featuring gunna & lil uzi vert,74,2,0
what would meek do?,pusha t featuring kanye west,75,1,1
youth,shawn mendes featuring khalid,76,2,0
otw,khalid  ty dolla $ign & 6lack,77,6,0
drip,cardi b featuring migos,78,8,0
rich & sad,post malone,79,5,0
dinero,jennifer lopez featuring dj khaled & cardi b,80,1,1
for the first time,darius rucker,81,10,0
taste,tyga featuring offset,82,1,1
paranoid,post malone,83,5,0
watch,travis scott featuring lil uzi vert & kanye west,84,4,0
sativa,jhene aiko featuring swae lee or rae sremmurd,85,12,0
zombie,bad wolves,86,12,0
lust,lil skies,87,3,0
shoota,playboi carti featuring lil uzi vert,88,3,0
lovely,billie eilish & khalid,89,1,1
new freezer,rich the kid featuring kendrick lamar,90,18,0
singles you up,jordan davis,91,17,0
most people are good,luke bryan,92,18,0
i was jack (you were diane),jake owen,93,1,1
girls like you,maroon 5 featuring cardi b,94,1,1
everyday,logic & marshmello,95,13,0
el farsante,ozuna & romeo santos,96,18,0
spoil my night,post malone featuring swae lee,97,5,0
high hopes,panic! at the disco,98,1,1
moonlight,xxxtentacion,99,9,0
the games we play,pusha t,100,1,1
